<?xml version="1.0" encoding="UTF-8"?>
<project xsi:schemaLocation="http://maven.apache.org/POM/4.0.0 https://maven.apache.org/xsd/maven-4.0.0.xsd" xmlns="http://maven.apache.org/POM/4.0.0"
    xmlns:xsi="http://www.w3.org/2001/XMLSchema-instance">
  <modelVersion>4.0.0</modelVersion>
  <parent>
    <groupId>top.xym</groupId>
    <artifactId>xym-cloud</artifactId>
    <version>1.0.0</version>
  </parent>
  <groupId>top.xym</groupId>
  <artifactId>xym-cloud-iot</artifactId>
  <version>1.0.0</version>
  <licenses>
    <license>
      <name>Apache License, Version 2.0</name>
      <url>https://www.apache.org/licenses/LICENSE-2.0</url>
    </license>
  </licenses>
  <dependencies>
    <dependency>
      <groupId>top.xym</groupId>
      <artifactId>xym-cloud</artifactId>
      <version>${revision}</version>
    </dependency>
    <dependency>
      <groupId>org.springframework.integration</groupId>
      <artifactId>spring-integration-mqtt</artifactId>
    </dependency>
    <dependency>
      <groupId>com.alibaba.fastjson2</groupId>
      <artifactId>fastjson2</artifactId>
    </dependency>
    <dependency>
      <groupId>org.springframework.boot</groupId>
      <artifactId>spring-boot-configuration-processor</artifactId>
      <optional>true</optional>
    </dependency>
    <dependency>
      <groupId>com.alibaba.cloud</groupId>
      <artifactId>spring-cloud-starter-alibaba-nacos-discovery</artifactId>
    </dependency>
    <dependency>
      <groupId>com.alibaba.cloud</groupId>
      <artifactId>spring-cloud-starter-alibaba-nacos-config</artifactId>
    </dependency>
  </dependencies>
  <build>
    <finalName>${project.artifactId}</finalName>
    <plugins>
      <plugin>
        <groupId>org.springframework.boot</groupId>
        <artifactId>spring-boot-maven-plugin</artifactId>
      </plugin>
      <plugin>
        <artifactId>maven-surefire-plugin</artifactId>
        <configuration>
          <skipTests>true</skipTests>
        </configuration>
      </plugin>
    </plugins>
  </build>
</project>
